_ep_player,_ep_stat,_ep_tier,_ep_dir,_ep_line,mu,edge_at_pp_line,implied_direction,apply_prior,external_prior_score,external_prior_n,external_prior_sources,delta_p
Aaron Nesmith,AST,GOBLIN,OVER,0.5,,,,False,0.0,0,,0.0
Aaron Nesmith,AST,STANDARD,OVER,1.5,,,,False,0.0,0,,0.0
Aaron Nesmith,AST,DEMON,OVER,2.5,,,,False,0.0,0,,0.0
Aaron Nesmith,AST,DEMON,OVER,3.5,,,,False,0.0,0,,0.0
Aaron Nesmith,AST,STANDARD,UNDER,1.5,,,,False,0.0,0,,0.0
Aaron Nesmith,FG3M,DEMON,OVER,2.5,,,,False,0.0,0,,0.0
Aaron Nesmith,FG3M,DEMON,OVER,3.5,,,,False,0.0,0,,0.0
Aaron Nesmith,PA,STANDARD,OVER,11.5,,,,False,0.0,0,,0.0
Aaron Nesmith,PA,DEMON,OVER,15.5,,,,False,0.0,0,,0.0
Aaron Nesmith,PA,DEMON,OVER,19.5,,,,False,0.0,0,,0.0
Aaron Nesmith,PA,GOBLIN,OVER,8.5,,,,False,0.0,0,,0.0
Aaron Nesmith,PA,GOBLIN,OVER,9.5,,,,False,0.0,0,,0.0
Aaron Nesmith,PA,STANDARD,UNDER,11.5,,,,False,0.0,0,,0.0
Aaron Nesmith,PRA,GOBLIN,OVER,14.5,,,,False,0.0,0,,0.0
Aaron Nesmith,PRA,STANDARD,OVER,15.5,,,,False,0.0,0,,0.0
Aaron Nesmith,PRA,DEMON,OVER,18.5,,,,False,0.0,0,,0.0
Aaron Nesmith,PRA,DEMON,OVER,20.5,,,,False,0.0,0,,0.0
Aaron Nesmith,PRA,STANDARD,UNDER,15.5,,,,False,0.0,0,,0.0
Aaron Nesmith,PR,STANDARD,OVER,13.5,,,,False,0.0,0,,0.0
Aaron Nesmith,PR,DEMON,OVER,17.5,,,,False,0.0,0,,0.0
Aaron Nesmith,PR,DEMON,OVER,19.5,,,,False,0.0,0,,0.0
Aaron Nesmith,PR,DEMON,OVER,24.5,,,,False,0.0,0,,0.0
Aaron Nesmith,PR,GOBLIN,OVER,9.5,,,,False,0.0,0,,0.0
Aaron Nesmith,PR,STANDARD,UNDER,13.5,,,,False,0.0,0,,0.0
Aaron Nesmith,PTS,STANDARD,OVER,10.5,,,,False,0.0,0,,0.0
Aaron Nesmith,PTS,DEMON,OVER,13.5,,,,False,0.0,0,,0.0
Aaron Nesmith,PTS,DEMON,OVER,15.5,,,,False,0.0,0,,0.0
Aaron Nesmith,PTS,DEMON,OVER,17.5,,,,False,0.0,0,,0.0
Aaron Nesmith,PTS,GOBLIN,OVER,7.5,,,,False,0.0,0,,0.0
Aaron Nesmith,PTS,STANDARD,UNDER,10.5,,,,False,0.0,0,,0.0
Aaron Nesmith,RA,GOBLIN,OVER,3.5,,,,False,0.0,0,,0.0
Aaron Nesmith,RA,GOBLIN,OVER,4.5,,,,False,0.0,0,,0.0
Aaron Nesmith,RA,STANDARD,OVER,5.0,,,,False,0.0,0,,0.0
Aaron Nesmith,RA,DEMON,OVER,6.5,,,,False,0.0,0,,0.0
Aaron Nesmith,RA,DEMON,OVER,7.5,,,,False,0.0,0,,0.0
Aaron Nesmith,RA,DEMON,OVER,8.5,,,,False,0.0,0,,0.0
Aaron Nesmith,RA,STANDARD,UNDER,5.0,,,,False,0.0,0,,0.0
Aaron Nesmith,REB,GOBLIN,OVER,2.5,,,,False,0.0,0,,0.0
Aaron Nesmith,REB,STANDARD,OVER,3.5,,,,False,0.0,0,,0.0
Aaron Nesmith,REB,DEMON,OVER,4.5,,,,False,0.0,0,,0.0
Aaron Nesmith,REB,DEMON,OVER,5.5,,,,False,0.0,0,,0.0
Aaron Nesmith,REB,DEMON,OVER,6.5,,,,False,0.0,0,,0.0
Aaron Nesmith,REB,STANDARD,UNDER,3.5,,,,False,0.0,0,,0.0
Andrew Nembhard,AST,GOBLIN,OVER,4.5,,,,False,0.0,0,,0.0
Andrew Nembhard,AST,GOBLIN,OVER,5.5,,,,False,0.0,0,,0.0
Andrew Nembhard,AST,DEMON,OVER,7.5,,,,False,0.0,0,,0.0
Andrew Nembhard,AST,DEMON,OVER,8.5,,,,False,0.0,0,,0.0
Andrew Nembhard,AST,DEMON,OVER,9.5,,,,False,0.0,0,,0.0
Andrew Nembhard,FG3M,DEMON,OVER,2.5,,,,False,0.0,0,,0.0
Andrew Nembhard,FG3M,DEMON,OVER,3.5,,,,False,0.0,0,,0.0
Andrew Nembhard,PA,GOBLIN,OVER,19.5,,,,False,0.0,0,,0.0
Andrew Nembhard,PA,STANDARD,OVER,21.5,,,,False,0.0,0,,0.0
Andrew Nembhard,PA,DEMON,OVER,24.5,,,,False,0.0,0,,0.0
Andrew Nembhard,PA,DEMON,OVER,29.5,,,,False,0.0,0,,0.0
Andrew Nembhard,PA,DEMON,OVER,34.5,,,,False,0.0,0,,0.0
Andrew Nembhard,PA,STANDARD,UNDER,21.5,,,,False,0.0,0,,0.0
Andrew Nembhard,PRA,GOBLIN,OVER,19.5,,,,False,0.0,0,,0.0
Andrew Nembhard,PRA,STANDARD,OVER,23.5,,,,False,0.0,0,,0.0
Andrew Nembhard,PRA,DEMON,OVER,27.5,,,,False,0.0,0,,0.0
Andrew Nembhard,PRA,DEMON,OVER,29.5,,,,False,0.0,0,,0.0
Andrew Nembhard,PRA,DEMON,OVER,31.5,,,,False,0.0,0,,0.0
Andrew Nembhard,PRA,STANDARD,UNDER,23.5,,,,False,0.0,0,,0.0
Andrew Nembhard,PR,GOBLIN,OVER,14.5,,,,False,0.0,0,,0.0
Andrew Nembhard,PR,STANDARD,OVER,17.5,,,,False,0.0,0,,0.0
Andrew Nembhard,PR,DEMON,OVER,24.5,,,,False,0.0,0,,0.0
Andrew Nembhard,PR,DEMON,OVER,29.5,,,,False,0.0,0,,0.0
Andrew Nembhard,PR,STANDARD,UNDER,17.5,,,,False,0.0,0,,0.0
Andrew Nembhard,PTS,GOBLIN,OVER,11.5,,,,False,0.0,0,,0.0
Andrew Nembhard,PTS,STANDARD,OVER,13.5,,,,False,0.0,0,,0.0
Andrew Nembhard,PTS,DEMON,OVER,18.5,,,,False,0.0,0,,0.0
Andrew Nembhard,PTS,DEMON,OVER,20.5,,,,False,0.0,0,,0.0
Andrew Nembhard,PTS,STANDARD,UNDER,13.5,,,,False,0.0,0,,0.0
Andrew Nembhard,RA,DEMON,OVER,10.5,,,,False,0.0,0,,0.0
Andrew Nembhard,RA,DEMON,OVER,11.5,,,,False,0.0,0,,0.0
Andrew Nembhard,RA,DEMON,OVER,12.5,,,,False,0.0,0,,0.0
Andrew Nembhard,RA,GOBLIN,OVER,7.5,,,,False,0.0,0,,0.0
Andrew Nembhard,RA,STANDARD,OVER,9.0,,,,False,0.0,0,,0.0
Andrew Nembhard,RA,STANDARD,UNDER,9.0,,,,False,0.0,0,,0.0
Andrew Nembhard,REB,GOBLIN,OVER,1.5,,,,False,0.0,0,,0.0
Andrew Nembhard,REB,DEMON,OVER,3.5,,,,False,0.0,0,,0.0
Andrew Nembhard,REB,DEMON,OVER,4.5,,,,False,0.0,0,,0.0
Ben Sheppard,AST,GOBLIN,OVER,0.5,,,,False,0.0,0,,0.0
Ben Sheppard,AST,DEMON,OVER,1.5,,,,False,0.0,0,,0.0
Ben Sheppard,AST,DEMON,OVER,2.5,,,,False,0.0,0,,0.0
Ben Sheppard,AST,DEMON,OVER,3.5,,,,False,0.0,0,,0.0
Ben Sheppard,FG3M,GOBLIN,OVER,0.5,,,,False,0.0,0,,0.0
Ben Sheppard,FG3M,DEMON,OVER,1.5,,,,False,0.0,0,,0.0
Ben Sheppard,FG3M,DEMON,OVER,2.5,,,,False,0.0,0,,0.0
Ben Sheppard,PA,DEMON,OVER,14.5,17.317048268912774,2.8170482689127745,OVER,True,0.7347698699280942,1,rotowire,0.022043096097842826
Ben Sheppard,PA,GOBLIN,OVER,4.5,17.317048268912774,12.817048268912774,OVER,True,0.999610928030656,1,rotowire,0.02998832784091968
Ben Sheppard,PA,GOBLIN,OVER,5.5,17.317048268912774,11.817048268912774,OVER,True,0.999242330971096,1,rotowire,0.02997726992913288
Ben Sheppard,PA,GOBLIN,OVER,6.5,17.317048268912774,10.817048268912774,OVER,True,0.998524791890958,1,rotowire,0.02995574375672874
Ben Sheppard,PA,STANDARD,OVER,7.5,17.317048268912774,9.817048268912774,OVER,True,0.9971286941418349,1,rotowire,0.029913860824255047
Ben Sheppard,PA,DEMON,OVER,9.5,17.317048268912774,7.8170482689127745,OVER,True,0.9891507327131738,1,rotowire,0.02967452198139521
Ben Sheppard,PA,STANDARD,UNDER,7.5,17.317048268912774,9.817048268912774,OVER,False,0.0,0,rotowire,0.0
Ben Sheppard,PRA,STANDARD,OVER,10.5,22.50911489855936,12.00911489855936,OVER,True,0.9993333616035011,1,rotowire,0.02998000084810503
Ben Sheppard,PRA,DEMON,OVER,11.5,22.50911489855936,11.00911489855936,OVER,True,0.998701975745267,1,rotowire,0.02996105927235801
Ben Sheppard,PRA,DEMON,OVER,12.5,22.50911489855936,10.00911489855936,OVER,True,0.9974733480935021,1,rotowire,0.02992420044280506
Ben Sheppard,PRA,GOBLIN,OVER,7.5,22.50911489855936,15.00911489855936,OVER,True,0.9999097542941372,1,rotowire,0.029997292628824116
Ben Sheppard,PRA,GOBLIN,OVER,8.5,22.50911489855936,14.00911489855936,OVER,True,0.9998242328832184,1,rotowire,0.02999472698649655
Ben Sheppard,PRA,GOBLIN,OVER,9.5,22.50911489855936,13.00911489855936,OVER,True,0.9996576809151853,1,rotowire,0.029989730427455556
Ben Sheppard,PRA,STANDARD,UNDER,10.5,22.50911489855936,12.00911489855936,OVER,False,0.0,0,rotowire,0.0
Ben Sheppard,PR,DEMON,OVER,14.5,19.83302145387311,5.333021453873108,OVER,True,0.9444444214581894,1,rotowire,0.02833333264374568
Ben Sheppard,PR,GOBLIN,OVER,4.5,19.83302145387311,15.333021453873108,OVER,True,0.999927280681692,1,rotowire,0.02999781842045076
Ben Sheppard,PR,GOBLIN,OVER,7.5,19.83302145387311,12.333021453873108,OVER,True,0.9994627976717437,1,rotowire,0.029983883930152312
Ben Sheppard,PR,STANDARD,OVER,8.5,19.83302145387311,11.333021453873108,OVER,True,0.9989539390261832,1,rotowire,0.029968618170785496
Ben Sheppard,PR,STANDARD,UNDER,8.5,19.83302145387311,11.333021453873108,OVER,False,0.0,0,rotowire,0.0
Ben Sheppard,PTS,GOBLIN,OVER,4.5,14.640954824226526,10.140954824226526,OVER,True,0.9976856980951319,1,rotowire,0.029930570942853955
Ben Sheppard,PTS,STANDARD,OVER,5.5,14.640954824226526,9.140954824226526,OVER,True,0.9954972933879418,1,rotowire,0.029864918801638253
Ben Sheppard,PTS,DEMON,OVER,7.5,14.640954824226526,7.140954824226526,OVER,True,0.9830249913712527,1,rotowire,0.02949074974113758
Ben Sheppard,PTS,DEMON,OVER,9.5,14.640954824226526,5.140954824226526,OVER,True,0.9370940349682585,1,rotowire,0.028112821049047755
Ben Sheppard,PTS,STANDARD,UNDER,5.5,14.640954824226526,9.140954824226526,OVER,False,0.0,0,rotowire,0.0
Ben Sheppard,RA,GOBLIN,OVER,2.5,,,,False,0.0,0,,0.0
Ben Sheppard,RA,GOBLIN,OVER,3.5,,,,False,0.0,0,,0.0
Ben Sheppard,RA,DEMON,OVER,4.5,,,,False,0.0,0,,0.0
Ben Sheppard,RA,DEMON,OVER,5.5,,,,False,0.0,0,,0.0
Ben Sheppard,RA,DEMON,OVER,6.5,,,,False,0.0,0,,0.0
Ben Sheppard,REB,GOBLIN,OVER,1.5,,,,False,0.0,0,,0.0
Ben Sheppard,REB,STANDARD,OVER,2.5,,,,False,0.0,0,,0.0
Ben Sheppard,REB,DEMON,OVER,3.5,,,,False,0.0,0,,0.0
Ben Sheppard,REB,DEMON,OVER,4.5,,,,False,0.0,0,,0.0
Ben Sheppard,REB,STANDARD,UNDER,2.5,,,,False,0.0,0,,0.0
Bennedict Mathurin,AST,GOBLIN,OVER,1.5,,,,False,0.0,0,,0.0
Bennedict Mathurin,AST,DEMON,OVER,3.5,,,,False,0.0,0,,0.0
Bennedict Mathurin,AST,DEMON,OVER,4.5,,,,False,0.0,0,,0.0
Bennedict Mathurin,FG3M,GOBLIN,OVER,0.5,,,,False,0.0,0,,0.0
Bennedict Mathurin,FG3M,DEMON,OVER,1.5,,,,False,0.0,0,,0.0
Bennedict Mathurin,FG3M,DEMON,OVER,2.5,,,,False,0.0,0,,0.0
Bennedict Mathurin,PA,GOBLIN,OVER,19.5,,,,False,0.0,0,,0.0
Bennedict Mathurin,PA,STANDARD,OVER,22.5,,,,False,0.0,0,,0.0
Bennedict Mathurin,PA,DEMON,OVER,23.5,,,,False,0.0,0,,0.0
Bennedict Mathurin,PA,DEMON,OVER,24.5,,,,False,0.0,0,,0.0
Bennedict Mathurin,PA,DEMON,OVER,29.5,,,,False,0.0,0,,0.0
Bennedict Mathurin,PA,STANDARD,UNDER,22.5,,,,False,0.0,0,,0.0
Bennedict Mathurin,PRA,GOBLIN,OVER,24.5,,,,False,0.0,0,,0.0
Bennedict Mathurin,PRA,GOBLIN,OVER,25.5,,,,False,0.0,0,,0.0
Bennedict Mathurin,PRA,STANDARD,OVER,28.5,,,,False,0.0,0,,0.0
Bennedict Mathurin,PRA,DEMON,OVER,31.5,,,,False,0.0,0,,0.0
Bennedict Mathurin,PRA,DEMON,OVER,33.5,,,,False,0.0,0,,0.0
Bennedict Mathurin,PRA,STANDARD,UNDER,28.5,,,,False,0.0,0,,0.0
Bennedict Mathurin,PR,GOBLIN,OVER,19.5,,,,False,0.0,0,,0.0
Bennedict Mathurin,PR,STANDARD,OVER,25.5,,,,False,0.0,0,,0.0
Bennedict Mathurin,PR,DEMON,OVER,29.5,,,,False,0.0,0,,0.0
Bennedict Mathurin,PR,DEMON,OVER,34.5,,,,False,0.0,0,,0.0
Bennedict Mathurin,PR,DEMON,OVER,39.5,,,,False,0.0,0,,0.0
Bennedict Mathurin,PR,STANDARD,UNDER,25.5,,,,False,0.0,0,,0.0
Bennedict Mathurin,PTS,GOBLIN,OVER,14.5,,,,False,0.0,0,,0.0
Bennedict Mathurin,PTS,GOBLIN,OVER,15.5,,,,False,0.0,0,,0.0
Bennedict Mathurin,PTS,GOBLIN,OVER,17.5,,,,False,0.0,0,,0.0
Bennedict Mathurin,PTS,STANDARD,OVER,19.5,,,,False,0.0,0,,0.0
Bennedict Mathurin,PTS,DEMON,OVER,21.5,,,,False,0.0,0,,0.0
Bennedict Mathurin,PTS,DEMON,OVER,23.5,,,,False,0.0,0,,0.0
Bennedict Mathurin,PTS,DEMON,OVER,25.5,,,,False,0.0,0,,0.0
Bennedict Mathurin,PTS,STANDARD,UNDER,19.5,,,,False,0.0,0,,0.0
Bennedict Mathurin,RA,DEMON,OVER,10.5,,,,False,0.0,0,,0.0
Bennedict Mathurin,RA,DEMON,OVER,11.5,,,,False,0.0,0,,0.0
Bennedict Mathurin,RA,GOBLIN,OVER,6.5,,,,False,0.0,0,,0.0
Bennedict Mathurin,RA,GOBLIN,OVER,7.5,,,,False,0.0,0,,0.0
Bennedict Mathurin,RA,DEMON,OVER,9.5,,,,False,0.0,0,,0.0
Bennedict Mathurin,REB,GOBLIN,OVER,3.5,,,,False,0.0,0,,0.0
Bennedict Mathurin,REB,GOBLIN,OVER,4.5,,,,False,0.0,0,,0.0
Bennedict Mathurin,REB,GOBLIN,OVER,5.5,,,,False,0.0,0,,0.0
Bennedict Mathurin,REB,STANDARD,OVER,6.0,,,,False,0.0,0,,0.0
Bennedict Mathurin,REB,DEMON,OVER,6.5,,,,False,0.0,0,,0.0
Bennedict Mathurin,REB,DEMON,OVER,7.5,,,,False,0.0,0,,0.0
Bennedict Mathurin,REB,DEMON,OVER,8.5,,,,False,0.0,0,,0.0
Bennedict Mathurin,REB,STANDARD,UNDER,6.0,,,,False,0.0,0,,0.0
Brook Lopez,AST,STANDARD,OVER,1.5,,,,False,0.0,0,,0.0
Brook Lopez,AST,DEMON,OVER,2.5,,,,False,0.0,0,,0.0
Brook Lopez,AST,DEMON,OVER,3.5,,,,False,0.0,0,,0.0
Brook Lopez,AST,STANDARD,UNDER,1.5,,,,False,0.0,0,,0.0
Brook Lopez,FG3M,GOBLIN,OVER,0.5,,,,False,0.0,0,,0.0
Brook Lopez,FG3M,DEMON,OVER,2.5,,,,False,0.0,0,,0.0
Brook Lopez,FG3M,DEMON,OVER,3.5,,,,False,0.0,0,,0.0
Brook Lopez,PA,STANDARD,OVER,11.5,,,,False,0.0,0,,0.0
Brook Lopez,PA,DEMON,OVER,12.5,,,,False,0.0,0,,0.0
Brook Lopez,PA,DEMON,OVER,14.5,,,,False,0.0,0,,0.0
Brook Lopez,PA,DEMON,OVER,19.5,,,,False,0.0,0,,0.0
Brook Lopez,PA,GOBLIN,OVER,9.5,,,,False,0.0,0,,0.0
Brook Lopez,PA,STANDARD,UNDER,11.5,,,,False,0.0,0,,0.0
Brook Lopez,PRA,GOBLIN,OVER,13.5,,,,False,0.0,0,,0.0
Brook Lopez,PRA,GOBLIN,OVER,14.5,,,,False,0.0,0,,0.0
Brook Lopez,PRA,STANDARD,OVER,16.5,,,,False,0.0,0,,0.0
Brook Lopez,PRA,DEMON,OVER,19.5,,,,False,0.0,0,,0.0
Brook Lopez,PRA,DEMON,OVER,21.5,,,,False,0.0,0,,0.0
Brook Lopez,PRA,STANDARD,UNDER,16.5,,,,False,0.0,0,,0.0
Brook Lopez,PR,GOBLIN,OVER,11.5,,,,False,0.0,0,,0.0
Brook Lopez,PR,GOBLIN,OVER,12.5,,,,False,0.0,0,,0.0
Brook Lopez,PR,STANDARD,OVER,14.5,,,,False,0.0,0,,0.0
Brook Lopez,PR,DEMON,OVER,17.5,,,,False,0.0,0,,0.0
Brook Lopez,PR,DEMON,OVER,19.5,,,,False,0.0,0,,0.0
Brook Lopez,PR,STANDARD,UNDER,14.5,,,,False,0.0,0,,0.0
Brook Lopez,PTS,DEMON,OVER,11.5,,,,False,0.0,0,,0.0
Brook Lopez,PTS,DEMON,OVER,12.5,,,,False,0.0,0,,0.0
Brook Lopez,PTS,DEMON,OVER,13.5,,,,False,0.0,0,,0.0
Brook Lopez,PTS,GOBLIN,OVER,5.5,,,,False,0.0,0,,0.0
Brook Lopez,PTS,GOBLIN,OVER,7.5,,,,False,0.0,0,,0.0
Brook Lopez,PTS,STANDARD,OVER,9.5,,,,False,0.0,0,,0.0
Brook Lopez,PTS,STANDARD,UNDER,9.5,,,,False,0.0,0,,0.0
Brook Lopez,RA,GOBLIN,OVER,5.5,,,,False,0.0,0,,0.0
Brook Lopez,RA,STANDARD,OVER,6.5,,,,False,0.0,0,,0.0
Brook Lopez,RA,DEMON,OVER,7.5,,,,False,0.0,0,,0.0
Brook Lopez,RA,DEMON,OVER,8.5,,,,False,0.0,0,,0.0
Brook Lopez,RA,DEMON,OVER,9.5,,,,False,0.0,0,,0.0
Brook Lopez,RA,STANDARD,UNDER,6.5,,,,False,0.0,0,,0.0
Brook Lopez,REB,GOBLIN,OVER,3.5,,,,False,0.0,0,,0.0
Brook Lopez,REB,STANDARD,OVER,4.5,,,,False,0.0,0,,0.0
Brook Lopez,REB,DEMON,OVER,5.5,,,,False,0.0,0,,0.0
Brook Lopez,REB,DEMON,OVER,6.5,,,,False,0.0,0,,0.0
Brook Lopez,REB,DEMON,OVER,7.5,,,,False,0.0,0,,0.0
Brook Lopez,REB,STANDARD,UNDER,4.5,,,,False,0.0,0,,0.0
Darius Garland,AST,GOBLIN,OVER,2.5,,,,False,0.0,0,,0.0
Darius Garland,AST,GOBLIN,OVER,3.5,,,,False,0.0,0,,0.0
Darius Garland,AST,DEMON,OVER,5.5,,,,False,0.0,0,,0.0
Darius Garland,AST,DEMON,OVER,6.5,,,,False,0.0,0,,0.0
Darius Garland,FG3M,GOBLIN,OVER,1.5,,,,False,0.0,0,,0.0
Darius Garland,FG3M,DEMON,OVER,2.5,,,,False,0.0,0,,0.0
Darius Garland,FG3M,DEMON,OVER,3.5,,,,False,0.0,0,,0.0
Darius Garland,PA,GOBLIN,OVER,14.5,,,,False,0.0,0,,0.0
Darius Garland,PA,GOBLIN,OVER,18.5,,,,False,0.0,0,,0.0
Darius Garland,PA,STANDARD,OVER,19.5,,,,False,0.0,0,,0.0
Darius Garland,PA,DEMON,OVER,24.5,,,,False,0.0,0,,0.0
Darius Garland,PA,DEMON,OVER,29.5,,,,False,0.0,0,,0.0
Darius Garland,PA,STANDARD,UNDER,19.5,,,,False,0.0,0,,0.0
Darius Garland,PRA,GOBLIN,OVER,18.5,,,,False,0.0,0,,0.0
Darius Garland,PRA,GOBLIN,OVER,19.5,,,,False,0.0,0,,0.0
Darius Garland,PRA,STANDARD,OVER,21.5,,,,False,0.0,0,,0.0
Darius Garland,PRA,DEMON,OVER,24.5,,,,False,0.0,0,,0.0
Darius Garland,PRA,STANDARD,UNDER,21.5,,,,False,0.0,0,,0.0
Darius Garland,PR,GOBLIN,OVER,11.5,,,,False,0.0,0,,0.0
Darius Garland,PR,GOBLIN,OVER,14.5,,,,False,0.0,0,,0.0
Darius Garland,PR,GOBLIN,OVER,15.5,,,,False,0.0,0,,0.0
Darius Garland,PR,STANDARD,OVER,16.5,,,,False,0.0,0,,0.0
Darius Garland,PR,DEMON,OVER,24.5,,,,False,0.0,0,,0.0
Darius Garland,PR,STANDARD,UNDER,16.5,,,,False,0.0,0,,0.0
Darius Garland,PTS,GOBLIN,OVER,11.5,,,,False,0.0,0,,0.0
Darius Garland,PTS,GOBLIN,OVER,12.5,,,,False,0.0,0,,0.0
Darius Garland,PTS,STANDARD,OVER,14.5,,,,False,0.0,0,,0.0
Darius Garland,PTS,DEMON,OVER,19.5,,,,False,0.0,0,,0.0
Darius Garland,PTS,GOBLIN,OVER,9.5,,,,False,0.0,0,,0.0
Darius Garland,PTS,STANDARD,UNDER,14.5,,,,False,0.0,0,,0.0
Darius Garland,RA,GOBLIN,OVER,5.5,,,,False,0.0,0,,0.0
Darius Garland,RA,DEMON,OVER,9.5,,,,False,0.0,0,,0.0
Darius Garland,REB,GOBLIN,OVER,1.5,,,,False,0.0,0,,0.0
Darius Garland,REB,DEMON,OVER,2.5,,,,False,0.0,0,,0.0
Darius Garland,REB,DEMON,OVER,3.5,,,,False,0.0,0,,0.0
Darius Garland,REB,DEMON,OVER,4.5,,,,False,0.0,0,,0.0
Derrick Jones,AST,GOBLIN,OVER,0.5,,,,False,0.0,0,,0.0
Derrick Jones,AST,DEMON,OVER,2.5,,,,False,0.0,0,,0.0
Derrick Jones,FG3M,GOBLIN,OVER,0.5,,,,False,0.0,0,,0.0
Derrick Jones,FG3M,DEMON,OVER,1.5,,,,False,0.0,0,,0.0
Derrick Jones,FG3M,DEMON,OVER,2.5,,,,False,0.0,0,,0.0
Derrick Jones,PA,GOBLIN,OVER,11.5,,,,False,0.0,0,,0.0
Derrick Jones,PA,STANDARD,OVER,13.5,,,,False,0.0,0,,0.0
Derrick Jones,PA,DEMON,OVER,14.5,,,,False,0.0,0,,0.0
Derrick Jones,PA,DEMON,OVER,19.5,,,,False,0.0,0,,0.0
Derrick Jones,PA,GOBLIN,OVER,9.5,,,,False,0.0,0,,0.0
Derrick Jones,PA,STANDARD,UNDER,13.5,,,,False,0.0,0,,0.0
Derrick Jones,PRA,GOBLIN,OVER,14.5,,,,False,0.0,0,,0.0
Derrick Jones,PRA,GOBLIN,OVER,15.5,,,,False,0.0,0,,0.0
Derrick Jones,PRA,DEMON,OVER,19.5,,,,False,0.0,0,,0.0
Derrick Jones,PRA,DEMON,OVER,21.5,,,,False,0.0,0,,0.0
Derrick Jones,PRA,DEMON,OVER,23.5,,,,False,0.0,0,,0.0
Derrick Jones,PR,GOBLIN,OVER,11.5,,,,False,0.0,0,,0.0
Derrick Jones,PR,GOBLIN,OVER,13.5,,,,False,0.0,0,,0.0
Derrick Jones,PR,STANDARD,OVER,15.5,,,,False,0.0,0,,0.0
Derrick Jones,PR,DEMON,OVER,16.5,,,,False,0.0,0,,0.0
Derrick Jones,PR,DEMON,OVER,19.5,,,,False,0.0,0,,0.0
Derrick Jones,PR,DEMON,OVER,24.5,,,,False,0.0,0,,0.0
Derrick Jones,PR,STANDARD,UNDER,15.5,,,,False,0.0,0,,0.0
Derrick Jones,PTS,GOBLIN,OVER,10.5,,,,False,0.0,0,,0.0
Derrick Jones,PTS,STANDARD,OVER,11.5,,,,False,0.0,0,,0.0
Derrick Jones,PTS,DEMON,OVER,13.5,,,,False,0.0,0,,0.0
Derrick Jones,PTS,DEMON,OVER,15.5,,,,False,0.0,0,,0.0
Derrick Jones,PTS,DEMON,OVER,17.5,,,,False,0.0,0,,0.0
Derrick Jones,PTS,GOBLIN,OVER,7.5,,,,False,0.0,0,,0.0
Derrick Jones,PTS,GOBLIN,OVER,9.5,,,,False,0.0,0,,0.0
Derrick Jones,PTS,STANDARD,UNDER,11.5,,,,False,0.0,0,,0.0
Derrick Jones,RA,GOBLIN,OVER,4.5,,,,False,0.0,0,,0.0
Derrick Jones,RA,STANDARD,OVER,5.0,,,,False,0.0,0,,0.0
Derrick Jones,RA,DEMON,OVER,6.5,,,,False,0.0,0,,0.0
Derrick Jones,RA,DEMON,OVER,7.5,,,,False,0.0,0,,0.0
Derrick Jones,RA,DEMON,OVER,8.5,,,,False,0.0,0,,0.0
Derrick Jones,RA,STANDARD,UNDER,5.0,,,,False,0.0,0,,0.0
Derrick Jones,REB,GOBLIN,OVER,2.5,,,,False,0.0,0,,0.0
Derrick Jones,REB,STANDARD,OVER,4.0,,,,False,0.0,0,,0.0
Derrick Jones,REB,DEMON,OVER,4.5,,,,False,0.0,0,,0.0
Derrick Jones,REB,DEMON,OVER,5.5,,,,False,0.0,0,,0.0
Derrick Jones,REB,DEMON,OVER,6.5,,,,False,0.0,0,,0.0
Derrick Jones,REB,STANDARD,UNDER,4.0,,,,False,0.0,0,,0.0
Jarace Walker,AST,GOBLIN,OVER,1.5,,,,False,0.0,0,,0.0
Jarace Walker,AST,DEMON,OVER,2.5,,,,False,0.0,0,,0.0
Jarace Walker,AST,DEMON,OVER,3.5,,,,False,0.0,0,,0.0
Jarace Walker,AST,DEMON,OVER,4.5,,,,False,0.0,0,,0.0
Jarace Walker,FG3M,STANDARD,OVER,1.5,,,,False,0.0,0,,0.0
Jarace Walker,FG3M,DEMON,OVER,2.5,,,,False,0.0,0,,0.0
Jarace Walker,FG3M,DEMON,OVER,3.5,,,,False,0.0,0,,0.0
Jarace Walker,FG3M,STANDARD,UNDER,1.5,,,,False,0.0,0,,0.0
Jarace Walker,PA,GOBLIN,OVER,11.5,22.59693011137137,11.096930111371371,OVER,True,0.998775739810723,1,rotowire,0.02996327219432169
Jarace Walker,PA,GOBLIN,OVER,13.5,22.59693011137137,9.096930111371371,OVER,True,0.995363492262339,1,rotowire,0.029860904767870167
Jarace Walker,PA,STANDARD,OVER,15.5,22.59693011137137,7.096930111371371,OVER,True,0.9825238127799384,1,rotowire,0.02947571438339815
Jarace Walker,PA,DEMON,OVER,19.5,22.59693011137137,3.096930111371371,OVER,True,0.7748331619290322,1,rotowire,0.023244994857870963
Jarace Walker,PA,DEMON,OVER,24.5,22.59693011137137,-1.9030698886286288,UNDER,False,0.0,0,rotowire,0.0
Jarace Walker,PA,STANDARD,UNDER,15.5,22.59693011137137,7.096930111371371,OVER,False,0.0,0,rotowire,0.0
Jarace Walker,PRA,GOBLIN,OVER,17.5,31.436221749889715,13.936221749889715,OVER,True,0.9998154812701783,1,rotowire,0.029994464438105346
Jarace Walker,PRA,GOBLIN,OVER,18.5,31.436221749889715,12.936221749889715,OVER,True,0.9996406380103708,1,rotowire,0.029989219140311125
Jarace Walker,PRA,STANDARD,OVER,21.5,31.436221749889715,9.936221749889715,OVER,True,0.9973476989191126,1,rotowire,0.029920430967573377
Jarace Walker,PRA,DEMON,OVER,22.5,31.436221749889715,8.936221749889715,OVER,True,0.9948405075438644,1,rotowire,0.029845215226315933
Jarace Walker,PRA,DEMON,OVER,24.5,31.436221749889715,6.9362217498897145,OVER,True,0.9805666543486283,1,rotowire,0.029416999630458848
Jarace Walker,PRA,STANDARD,UNDER,21.5,31.436221749889715,9.936221749889715,OVER,False,0.0,0,rotowire,0.0
Jarace Walker,PR,GOBLIN,OVER,14.5,27.03106388185565,12.531063881855651,OVER,True,0.9995292252529627,1,rotowire,0.029985876757588882
Jarace Walker,PR,GOBLIN,OVER,17.5,27.03106388185565,9.531063881855651,OVER,True,0.9965266425772967,1,rotowire,0.0298957992773189
Jarace Walker,PR,STANDARD,OVER,18.5,27.03106388185565,8.531063881855651,OVER,True,0.9932459400826561,1,rotowire,0.02979737820247968
Jarace Walker,PR,DEMON,OVER,24.5,27.03106388185565,2.5310638818556512,OVER,True,0.6877575123949901,1,rotowire,0.0206327253718497
Jarace Walker,PR,DEMON,OVER,29.5,27.03106388185565,-2.4689361181443488,UNDER,False,0.0,0,rotowire,0.0
Jarace Walker,PR,STANDARD,UNDER,18.5,27.03106388185565,8.531063881855651,OVER,False,0.0,0,rotowire,0.0
Jarace Walker,PTS,GOBLIN,OVER,10.5,18.19177224333731,7.6917722433373115,OVER,True,0.9882112875596422,1,rotowire,0.029646338626789264
Jarace Walker,PTS,GOBLIN,OVER,11.5,18.19177224333731,6.6917722433373115,OVER,True,0.9771662790847647,1,rotowire,0.02931498837254294
Jarace Walker,PTS,STANDARD,OVER,12.5,18.19177224333731,5.6917722433373115,OVER,True,0.9560020488022093,1,rotowire,0.028680061464066278
Jarace Walker,PTS,DEMON,OVER,14.5,18.19177224333731,3.6917722433373115,OVER,True,0.8427505927385482,1,rotowire,0.025282517782156445
Jarace Walker,PTS,DEMON,OVER,15.5,18.19177224333731,2.6917722433373115,OVER,True,0.714959832446916,1,rotowire,0.02144879497340748
Jarace Walker,PTS,DEMON,OVER,19.5,18.19177224333731,-1.3082277566626885,UNDER,False,0.0,0,rotowire,0.0
Jarace Walker,PTS,GOBLIN,OVER,9.5,18.19177224333731,8.691772243337311,OVER,True,0.9939300640820766,1,rotowire,0.0298179019224623
Jarace Walker,PTS,STANDARD,UNDER,12.5,18.19177224333731,5.6917722433373115,OVER,False,0.0,0,rotowire,0.0
Jarace Walker,RA,DEMON,OVER,10.5,,,,False,0.0,0,,0.0
Jarace Walker,RA,GOBLIN,OVER,6.5,,,,False,0.0,0,,0.0
Jarace Walker,RA,GOBLIN,OVER,7.5,,,,False,0.0,0,,0.0
Jarace Walker,RA,STANDARD,OVER,8.0,,,,False,0.0,0,,0.0
Jarace Walker,RA,DEMON,OVER,9.5,,,,False,0.0,0,,0.0
Jarace Walker,RA,STANDARD,UNDER,8.0,,,,False,0.0,0,,0.0
Jarace Walker,REB,GOBLIN,OVER,3.5,,,,False,0.0,0,,0.0
Jarace Walker,REB,GOBLIN,OVER,4.5,,,,False,0.0,0,,0.0
Jarace Walker,REB,DEMON,OVER,6.5,,,,False,0.0,0,,0.0
Jarace Walker,REB,DEMON,OVER,7.5,,,,False,0.0,0,,0.0
Jarace Walker,REB,DEMON,OVER,9.5,,,,False,0.0,0,,0.0
Jay Huff,AST,STANDARD,OVER,1.5,,,,False,0.0,0,,0.0
Jay Huff,AST,DEMON,OVER,2.5,,,,False,0.0,0,,0.0
Jay Huff,AST,DEMON,OVER,3.5,,,,False,0.0,0,,0.0
Jay Huff,AST,STANDARD,UNDER,1.5,,,,False,0.0,0,,0.0
Jay Huff,FG3M,GOBLIN,OVER,0.5,,,,False,0.0,0,,0.0
Jay Huff,FG3M,DEMON,OVER,2.5,,,,False,0.0,0,,0.0
Jay Huff,FG3M,DEMON,OVER,3.5,,,,False,0.0,0,,0.0
Jay Huff,PA,STANDARD,OVER,12.0,19.199879337747845,7.199879337747845,OVER,True,0.9836735551424315,1,rotowire,0.029510206654272942
Jay Huff,PA,DEMON,OVER,14.5,19.199879337747845,4.699879337747845,OVER,True,0.9164874880434497,1,rotowire,0.02749462464130349
Jay Huff,PA,DEMON,OVER,19.5,19.199879337747845,-0.30012066225215506,UNDER,False,0.0,0,rotowire,0.0
Jay Huff,PA,GOBLIN,OVER,9.5,19.199879337747845,9.699879337747845,OVER,True,0.9968957786284887,1,rotowire,0.02990687335885466
Jay Huff,PA,STANDARD,UNDER,12.0,19.199879337747845,7.199879337747845,OVER,False,0.0,0,rotowire,0.0
Jay Huff,PRA,GOBLIN,OVER,14.5,26.767250459275512,12.267250459275512,OVER,True,0.999438725500913,1,rotowire,0.029983161765027386
Jay Huff,PRA,STANDARD,OVER,15.5,26.767250459275512,11.267250459275512,OVER,True,0.9989070772358456,1,rotowire,0.029967212317075366
Jay Huff,PRA,DEMON,OVER,18.5,26.767250459275512,8.267250459275512,OVER,True,0.9919524294497805,1,rotowire,0.029758572883493414
Jay Huff,PRA,DEMON,OVER,20.5,26.767250459275512,6.2672504592755125,OVER,True,0.9698095642763513,1,rotowire,0.02909428692829054
Jay Huff,PRA,STANDARD,UNDER,15.5,26.767250459275512,11.267250459275512,OVER,False,0.0,0,rotowire,0.0
Jay Huff,PR,GOBLIN,OVER,11.5,24.253440860889796,12.753440860889796,OVER,True,0.999594078070313,1,rotowire,0.029987822342109387
Jay Huff,PR,STANDARD,OVER,14.5,24.253440860889796,9.753440860889796,OVER,True,0.9970045044356947,1,rotowire,0.02991013513307084
Jay Huff,PR,DEMON,OVER,19.5,24.253440860889796,4.753440860889796,OVER,True,0.919298709311764,1,rotowire,0.027578961279352922
Jay Huff,PR,DEMON,OVER,24.5,24.253440860889796,-0.24655913911020377,UNDER,False,0.0,0,rotowire,0.0
Jay Huff,PR,STANDARD,UNDER,14.5,24.253440860889796,9.753440860889796,OVER,False,0.0,0,rotowire,0.0
Jay Huff,PTS,DEMON,OVER,12.5,16.686069739362125,4.186069739362125,OVER,True,0.8843438255291287,1,rotowire,0.02653031476587386
Jay Huff,PTS,DEMON,OVER,14.5,16.686069739362125,2.186069739362125,OVER,True,0.6222631977702799,1,rotowire,0.018667895933108396
Jay Huff,PTS,GOBLIN,OVER,7.5,16.686069739362125,9.186069739362125,OVER,True,0.9956304117514649,1,rotowire,0.029868912352543946
Jay Huff,PTS,GOBLIN,OVER,8.5,16.686069739362125,8.186069739362125,OVER,True,0.991506790294922,1,rotowire,0.02974520370884766
Jay Huff,PTS,STANDARD,OVER,9.5,16.686069739362125,7.186069739362125,OVER,True,0.9835237973212986,1,rotowire,0.029505713919638955
Jay Huff,PTS,STANDARD,UNDER,9.5,16.686069739362125,7.186069739362125,OVER,False,0.0,0,rotowire,0.0
Jay Huff,RA,GOBLIN,OVER,4.5,10.081180719913387,5.581180719913387,OVER,True,0.952715197418641,1,rotowire,0.02858145592255923
Jay Huff,RA,GOBLIN,OVER,5.5,10.081180719913387,4.581180719913387,OVER,True,0.9099201728185148,1,rotowire,0.027297605184555443
Jay Huff,RA,DEMON,OVER,7.5,10.081180719913387,2.5811807199133874,OVER,True,0.6964603960297083,1,rotowire,0.02089381188089125
Jay Huff,RA,DEMON,OVER,8.5,10.081180719913387,1.5811807199133874,OVER,True,0.48313071817916886,1,rotowire,0.014493921545375064
Jay Huff,RA,DEMON,OVER,9.5,10.081180719913387,0.5811807199133874,OVER,True,0.19133921341583043,1,rotowire,0.005740176402474912
Jay Huff,REB,GOBLIN,OVER,3.5,7.567371121527667,4.067371121527667,OVER,True,0.8754130974224713,1,rotowire,0.026262392922674137
Jay Huff,REB,DEMON,OVER,5.5,7.567371121527667,2.0673711215276667,OVER,True,0.5974187596317009,1,rotowire,0.017922562788951026
Jay Huff,REB,DEMON,OVER,6.5,7.567371121527667,1.0673711215276667,OVER,True,0.34150070626154094,1,rotowire,0.010245021187846228
Jay Huff,REB,DEMON,OVER,7.5,7.567371121527667,0.06737112152766667,OVER,True,0.02245326610236641,1,rotowire,0.0006735979830709923
Jordan Miller,AST,GOBLIN,OVER,1.5,,,,False,0.0,0,,0.0
Jordan Miller,AST,DEMON,OVER,2.5,,,,False,0.0,0,,0.0
Jordan Miller,AST,DEMON,OVER,3.5,,,,False,0.0,0,,0.0
Jordan Miller,AST,DEMON,OVER,4.5,,,,False,0.0,0,,0.0
Jordan Miller,FG3M,DEMON,OVER,0.5,,,,False,0.0,0,,0.0
Jordan Miller,FG3M,DEMON,OVER,1.5,,,,False,0.0,0,,0.0
Jordan Miller,PA,STANDARD,OVER,11.5,,,,False,0.0,0,,0.0
Jordan Miller,PA,STANDARD,UNDER,11.5,,,,False,0.0,0,,0.0
Jordan Miller,PRA,GOBLIN,OVER,13.5,,,,False,0.0,0,,0.0
Jordan Miller,PRA,STANDARD,OVER,15.5,,,,False,0.0,0,,0.0
Jordan Miller,PRA,DEMON,OVER,17.5,,,,False,0.0,0,,0.0
Jordan Miller,PRA,DEMON,OVER,19.5,,,,False,0.0,0,,0.0
Jordan Miller,PRA,DEMON,OVER,21.5,,,,False,0.0,0,,0.0
Jordan Miller,PRA,STANDARD,UNDER,15.5,,,,False,0.0,0,,0.0
Jordan Miller,PR,STANDARD,OVER,12.5,,,,False,0.0,0,,0.0
Jordan Miller,PR,STANDARD,UNDER,12.5,,,,False,0.0,0,,0.0
Jordan Miller,PTS,DEMON,OVER,11.5,,,,False,0.0,0,,0.0
Jordan Miller,PTS,DEMON,OVER,12.5,,,,False,0.0,0,,0.0
Jordan Miller,PTS,DEMON,OVER,14.5,,,,False,0.0,0,,0.0
Jordan Miller,PTS,GOBLIN,OVER,5.5,,,,False,0.0,0,,0.0
Jordan Miller,PTS,GOBLIN,OVER,7.5,,,,False,0.0,0,,0.0
Jordan Miller,PTS,STANDARD,OVER,8.5,,,,False,0.0,0,,0.0
Jordan Miller,PTS,STANDARD,UNDER,8.5,,,,False,0.0,0,,0.0
Jordan Miller,RA,GOBLIN,OVER,4.5,,,,False,0.0,0,,0.0
Jordan Miller,RA,STANDARD,OVER,5.5,,,,False,0.0,0,,0.0
Jordan Miller,RA,DEMON,OVER,6.5,,,,False,0.0,0,,0.0
Jordan Miller,RA,DEMON,OVER,7.5,,,,False,0.0,0,,0.0
Jordan Miller,RA,DEMON,OVER,8.5,,,,False,0.0,0,,0.0
Jordan Miller,RA,STANDARD,UNDER,5.5,,,,False,0.0,0,,0.0
Jordan Miller,REB,GOBLIN,OVER,2.5,,,,False,0.0,0,,0.0
Jordan Miller,REB,DEMON,OVER,3.5,,,,False,0.0,0,,0.0
Jordan Miller,REB,DEMON,OVER,4.5,,,,False,0.0,0,,0.0
Jordan Miller,REB,DEMON,OVER,5.5,,,,False,0.0,0,,0.0
Kawhi Leonard,AST,GOBLIN,OVER,2.5,,,,False,0.0,0,,0.0
Kawhi Leonard,AST,STANDARD,OVER,4.0,,,,False,0.0,0,,0.0
Kawhi Leonard,AST,DEMON,OVER,4.5,,,,False,0.0,0,,0.0
Kawhi Leonard,AST,DEMON,OVER,5.5,,,,False,0.0,0,,0.0
Kawhi Leonard,AST,DEMON,OVER,6.5,,,,False,0.0,0,,0.0
Kawhi Leonard,AST,STANDARD,UNDER,4.0,,,,False,0.0,0,,0.0
Kawhi Leonard,FG3M,GOBLIN,OVER,1.5,,,,False,0.0,0,,0.0
Kawhi Leonard,FG3M,DEMON,OVER,2.5,,,,False,0.0,0,,0.0
Kawhi Leonard,FG3M,DEMON,OVER,3.5,,,,False,0.0,0,,0.0
Kawhi Leonard,FG3M,DEMON,OVER,4.5,,,,False,0.0,0,,0.0
Kawhi Leonard,PA,GOBLIN,OVER,29.5,,,,False,0.0,0,,0.0
Kawhi Leonard,PA,STANDARD,OVER,31.5,,,,False,0.0,0,,0.0
Kawhi Leonard,PA,DEMON,OVER,34.5,,,,False,0.0,0,,0.0
Kawhi Leonard,PA,DEMON,OVER,39.5,,,,False,0.0,0,,0.0
Kawhi Leonard,PA,DEMON,OVER,44.5,,,,False,0.0,0,,0.0
Kawhi Leonard,PA,STANDARD,UNDER,31.5,,,,False,0.0,0,,0.0
Kawhi Leonard,PRA,GOBLIN,OVER,34.5,,,,False,0.0,0,,0.0
Kawhi Leonard,PRA,GOBLIN,OVER,35.5,,,,False,0.0,0,,0.0
Kawhi Leonard,PRA,GOBLIN,OVER,36.5,,,,False,0.0,0,,0.0
Kawhi Leonard,PRA,STANDARD,OVER,39.5,,,,False,0.0,0,,0.0
Kawhi Leonard,PRA,DEMON,OVER,41.5,,,,False,0.0,0,,0.0
Kawhi Leonard,PRA,DEMON,OVER,43.5,,,,False,0.0,0,,0.0
Kawhi Leonard,PRA,STANDARD,UNDER,39.5,,,,False,0.0,0,,0.0
Kawhi Leonard,PR,GOBLIN,OVER,29.5,,,,False,0.0,0,,0.0
Kawhi Leonard,PR,STANDARD,OVER,34.5,,,,False,0.0,0,,0.0
Kawhi Leonard,PR,DEMON,OVER,39.5,,,,False,0.0,0,,0.0
Kawhi Leonard,PR,DEMON,OVER,44.5,,,,False,0.0,0,,0.0
Kawhi Leonard,PR,STANDARD,UNDER,34.5,,,,False,0.0,0,,0.0
Kawhi Leonard,PTS,GOBLIN,OVER,23.5,,,,False,0.0,0,,0.0
Kawhi Leonard,PTS,GOBLIN,OVER,24.5,,,,False,0.0,0,,0.0
Kawhi Leonard,PTS,GOBLIN,OVER,25.5,,,,False,0.0,0,,0.0
Kawhi Leonard,PTS,STANDARD,OVER,28.5,,,,False,0.0,0,,0.0
Kawhi Leonard,PTS,DEMON,OVER,30.5,,,,False,0.0,0,,0.0
Kawhi Leonard,PTS,DEMON,OVER,32.5,,,,False,0.0,0,,0.0
Kawhi Leonard,PTS,STANDARD,UNDER,28.5,,,,False,0.0,0,,0.0
Kawhi Leonard,RA,STANDARD,OVER,10.5,,,,False,0.0,0,,0.0
Kawhi Leonard,RA,DEMON,OVER,11.5,,,,False,0.0,0,,0.0
Kawhi Leonard,RA,DEMON,OVER,12.5,,,,False,0.0,0,,0.0
Kawhi Leonard,RA,DEMON,OVER,14.5,,,,False,0.0,0,,0.0
Kawhi Leonard,RA,GOBLIN,OVER,8.5,,,,False,0.0,0,,0.0
Kawhi Leonard,RA,GOBLIN,OVER,9.5,,,,False,0.0,0,,0.0
Kawhi Leonard,RA,STANDARD,UNDER,10.5,,,,False,0.0,0,,0.0
Kawhi Leonard,REB,GOBLIN,OVER,4.5,,,,False,0.0,0,,0.0
Kawhi Leonard,REB,GOBLIN,OVER,5.5,,,,False,0.0,0,,0.0
Kawhi Leonard,REB,STANDARD,OVER,6.5,,,,False,0.0,0,,0.0
Kawhi Leonard,REB,DEMON,OVER,7.5,,,,False,0.0,0,,0.0
Kawhi Leonard,REB,DEMON,OVER,8.5,,,,False,0.0,0,,0.0
Kawhi Leonard,REB,DEMON,OVER,9.5,,,,False,0.0,0,,0.0
Kawhi Leonard,REB,STANDARD,UNDER,6.5,,,,False,0.0,0,,0.0
Kobe Sanders,AST,GOBLIN,OVER,1.5,,,,False,0.0,0,,0.0
Kobe Sanders,AST,DEMON,OVER,2.5,,,,False,0.0,0,,0.0
Kobe Sanders,AST,DEMON,OVER,3.5,,,,False,0.0,0,,0.0
Kobe Sanders,FG3M,GOBLIN,OVER,0.5,,,,False,0.0,0,,0.0
Kobe Sanders,FG3M,DEMON,OVER,1.5,,,,False,0.0,0,,0.0
Kobe Sanders,FG3M,DEMON,OVER,2.5,,,,False,0.0,0,,0.0
Kobe Sanders,PA,DEMON,OVER,10.5,,,,False,0.0,0,,0.0
Kobe Sanders,PA,DEMON,OVER,14.5,,,,False,0.0,0,,0.0
Kobe Sanders,PA,STANDARD,OVER,9.5,,,,False,0.0,0,,0.0
Kobe Sanders,PA,STANDARD,UNDER,9.5,,,,False,0.0,0,,0.0
Kobe Sanders,PRA,GOBLIN,OVER,10.5,,,,False,0.0,0,,0.0
Kobe Sanders,PRA,STANDARD,OVER,12.5,,,,False,0.0,0,,0.0
Kobe Sanders,PRA,DEMON,OVER,14.5,,,,False,0.0,0,,0.0
Kobe Sanders,PRA,DEMON,OVER,15.5,,,,False,0.0,0,,0.0
Kobe Sanders,PRA,DEMON,OVER,19.5,,,,False,0.0,0,,0.0
Kobe Sanders,PRA,GOBLIN,OVER,9.5,,,,False,0.0,0,,0.0
Kobe Sanders,PRA,STANDARD,UNDER,12.5,,,,False,0.0,0,,0.0
Kobe Sanders,PR,STANDARD,OVER,10.5,,,,False,0.0,0,,0.0
Kobe Sanders,PR,DEMON,OVER,11.5,,,,False,0.0,0,,0.0
Kobe Sanders,PR,DEMON,OVER,14.5,,,,False,0.0,0,,0.0
Kobe Sanders,PR,GOBLIN,OVER,7.5,,,,False,0.0,0,,0.0
Kobe Sanders,PR,STANDARD,UNDER,10.5,,,,False,0.0,0,,0.0
Kobe Sanders,PTS,DEMON,OVER,11.5,,,,False,0.0,0,,0.0
Kobe Sanders,PTS,GOBLIN,OVER,4.5,,,,False,0.0,0,,0.0
Kobe Sanders,PTS,GOBLIN,OVER,5.5,,,,False,0.0,0,,0.0
Kobe Sanders,PTS,STANDARD,OVER,7.5,,,,False,0.0,0,,0.0
Kobe Sanders,PTS,DEMON,OVER,9.5,,,,False,0.0,0,,0.0
Kobe Sanders,PTS,STANDARD,UNDER,7.5,,,,False,0.0,0,,0.0
Kobe Sanders,RA,GOBLIN,OVER,4.5,,,,False,0.0,0,,0.0
Kobe Sanders,RA,DEMON,OVER,6.5,,,,False,0.0,0,,0.0
Kobe Sanders,RA,DEMON,OVER,7.5,,,,False,0.0,0,,0.0
Kobe Sanders,REB,GOBLIN,OVER,1.5,,,,False,0.0,0,,0.0
Kobe Sanders,REB,GOBLIN,OVER,2.5,,,,False,0.0,0,,0.0
Kobe Sanders,REB,DEMON,OVER,3.5,,,,False,0.0,0,,0.0
Kobe Sanders,REB,DEMON,OVER,4.5,,,,False,0.0,0,,0.0
Kobe Sanders,REB,DEMON,OVER,5.5,,,,False,0.0,0,,0.0
Kris Dunn,AST,GOBLIN,OVER,3.5,,,,False,0.0,0,,0.0
Kris Dunn,AST,GOBLIN,OVER,4.5,,,,False,0.0,0,,0.0
Kris Dunn,AST,STANDARD,OVER,5.0,,,,False,0.0,0,,0.0
Kris Dunn,AST,DEMON,OVER,6.5,,,,False,0.0,0,,0.0
Kris Dunn,AST,DEMON,OVER,7.5,,,,False,0.0,0,,0.0
Kris Dunn,AST,DEMON,OVER,8.5,,,,False,0.0,0,,0.0
Kris Dunn,AST,STANDARD,UNDER,5.0,,,,False,0.0,0,,0.0
Kris Dunn,FG3M,GOBLIN,OVER,0.5,,,,False,0.0,0,,0.0
Kris Dunn,FG3M,DEMON,OVER,1.5,,,,False,0.0,0,,0.0
Kris Dunn,FG3M,DEMON,OVER,2.5,,,,False,0.0,0,,0.0
Kris Dunn,PA,GOBLIN,OVER,11.5,,,,False,0.0,0,,0.0
Kris Dunn,PA,STANDARD,OVER,12.5,,,,False,0.0,0,,0.0
Kris Dunn,PA,DEMON,OVER,14.5,,,,False,0.0,0,,0.0
Kris Dunn,PA,DEMON,OVER,19.5,,,,False,0.0,0,,0.0
Kris Dunn,PA,GOBLIN,OVER,9.5,,,,False,0.0,0,,0.0
Kris Dunn,PA,STANDARD,UNDER,12.5,,,,False,0.0,0,,0.0
Kris Dunn,PRA,GOBLIN,OVER,13.5,,,,False,0.0,0,,0.0
Kris Dunn,PRA,GOBLIN,OVER,14.5,,,,False,0.0,0,,0.0
Kris Dunn,PRA,GOBLIN,OVER,15.5,,,,False,0.0,0,,0.0
Kris Dunn,PRA,STANDARD,OVER,17.5,,,,False,0.0,0,,0.0
Kris Dunn,PRA,DEMON,OVER,18.5,,,,False,0.0,0,,0.0
Kris Dunn,PRA,DEMON,OVER,22.5,,,,False,0.0,0,,0.0
Kris Dunn,PRA,STANDARD,UNDER,17.5,,,,False,0.0,0,,0.0
Kris Dunn,PR,GOBLIN,OVER,10.5,,,,False,0.0,0,,0.0
Kris Dunn,PR,STANDARD,OVER,11.5,,,,False,0.0,0,,0.0
Kris Dunn,PR,DEMON,OVER,14.5,,,,False,0.0,0,,0.0
Kris Dunn,PR,DEMON,OVER,19.5,,,,False,0.0,0,,0.0
Kris Dunn,PR,GOBLIN,OVER,7.5,,,,False,0.0,0,,0.0
Kris Dunn,PR,GOBLIN,OVER,9.5,,,,False,0.0,0,,0.0
Kris Dunn,PR,STANDARD,UNDER,11.5,,,,False,0.0,0,,0.0
Kris Dunn,PTS,DEMON,OVER,10.5,,,,False,0.0,0,,0.0
Kris Dunn,PTS,GOBLIN,OVER,4.5,,,,False,0.0,0,,0.0
Kris Dunn,PTS,GOBLIN,OVER,5.5,,,,False,0.0,0,,0.0
Kris Dunn,PTS,STANDARD,OVER,7.5,,,,False,0.0,0,,0.0
Kris Dunn,PTS,DEMON,OVER,8.5,,,,False,0.0,0,,0.0
Kris Dunn,PTS,DEMON,OVER,9.5,,,,False,0.0,0,,0.0
Kris Dunn,PTS,STANDARD,UNDER,7.5,,,,False,0.0,0,,0.0
Kris Dunn,RA,DEMON,OVER,10.5,,,,False,0.0,0,,0.0
Kris Dunn,RA,DEMON,OVER,11.5,,,,False,0.0,0,,0.0
Kris Dunn,RA,DEMON,OVER,12.5,,,,False,0.0,0,,0.0
Kris Dunn,RA,GOBLIN,OVER,7.5,,,,False,0.0,0,,0.0
Kris Dunn,RA,STANDARD,OVER,9.0,,,,False,0.0,0,,0.0
Kris Dunn,RA,STANDARD,UNDER,9.0,,,,False,0.0,0,,0.0
Kris Dunn,REB,GOBLIN,OVER,2.5,,,,False,0.0,0,,0.0
Kris Dunn,REB,GOBLIN,OVER,3.5,,,,False,0.0,0,,0.0
Kris Dunn,REB,STANDARD,OVER,4.0,,,,False,0.0,0,,0.0
Kris Dunn,REB,DEMON,OVER,4.5,,,,False,0.0,0,,0.0
Kris Dunn,REB,DEMON,OVER,5.5,,,,False,0.0,0,,0.0
Kris Dunn,REB,DEMON,OVER,6.5,,,,False,0.0,0,,0.0
Kris Dunn,REB,STANDARD,UNDER,4.0,,,,False,0.0,0,,0.0
Obi Toppin,FG3M,GOBLIN,OVER,0.5,,,,False,0.0,0,,0.0
Obi Toppin,FG3M,DEMON,OVER,1.5,,,,False,0.0,0,,0.0
Obi Toppin,PTS,GOBLIN,OVER,4.5,,,,False,0.0,0,,0.0
Obi Toppin,PTS,STANDARD,OVER,6.5,,,,False,0.0,0,,0.0
Obi Toppin,PTS,DEMON,OVER,9.5,,,,False,0.0,0,,0.0
Obi Toppin,PTS,STANDARD,UNDER,6.5,,,,False,0.0,0,,0.0
Obi Toppin,REB,DEMON,OVER,3.5,,,,False,0.0,0,,0.0
Pascal Siakam,AST,GOBLIN,OVER,1.5,,,,False,0.0,0,,0.0
Pascal Siakam,AST,GOBLIN,OVER,2.5,,,,False,0.0,0,,0.0
Pascal Siakam,AST,DEMON,OVER,3.5,,,,False,0.0,0,,0.0
Pascal Siakam,AST,DEMON,OVER,4.5,,,,False,0.0,0,,0.0
Pascal Siakam,AST,DEMON,OVER,5.5,,,,False,0.0,0,,0.0
Pascal Siakam,FG3M,GOBLIN,OVER,0.5,,,,False,0.0,0,,0.0
Pascal Siakam,FG3M,DEMON,OVER,2.5,,,,False,0.0,0,,0.0
Pascal Siakam,PA,GOBLIN,OVER,19.5,,,,False,0.0,0,,0.0
Pascal Siakam,PA,STANDARD,OVER,22.5,,,,False,0.0,0,,0.0
Pascal Siakam,PA,DEMON,OVER,29.5,,,,False,0.0,0,,0.0
Pascal Siakam,PA,DEMON,OVER,34.5,,,,False,0.0,0,,0.0
Pascal Siakam,PA,STANDARD,UNDER,22.5,,,,False,0.0,0,,0.0
Pascal Siakam,PRA,GOBLIN,OVER,24.5,,,,False,0.0,0,,0.0
Pascal Siakam,PRA,STANDARD,OVER,28.5,,,,False,0.0,0,,0.0
Pascal Siakam,PRA,DEMON,OVER,34.5,,,,False,0.0,0,,0.0
Pascal Siakam,PRA,DEMON,OVER,36.5,,,,False,0.0,0,,0.0
Pascal Siakam,PRA,STANDARD,UNDER,28.5,,,,False,0.0,0,,0.0
Pascal Siakam,PR,GOBLIN,OVER,19.5,,,,False,0.0,0,,0.0
Pascal Siakam,PR,STANDARD,OVER,25.5,,,,False,0.0,0,,0.0
Pascal Siakam,PR,DEMON,OVER,29.5,,,,False,0.0,0,,0.0
Pascal Siakam,PR,DEMON,OVER,34.5,,,,False,0.0,0,,0.0
Pascal Siakam,PR,STANDARD,UNDER,25.5,,,,False,0.0,0,,0.0
Pascal Siakam,PTS,GOBLIN,OVER,17.5,,,,False,0.0,0,,0.0
Pascal Siakam,PTS,STANDARD,OVER,18.5,,,,False,0.0,0,,0.0
Pascal Siakam,PTS,DEMON,OVER,23.5,,,,False,0.0,0,,0.0
Pascal Siakam,PTS,DEMON,OVER,25.5,,,,False,0.0,0,,0.0
Pascal Siakam,PTS,DEMON,OVER,27.5,,,,False,0.0,0,,0.0
Pascal Siakam,PTS,STANDARD,UNDER,18.5,,,,False,0.0,0,,0.0
Pascal Siakam,RA,DEMON,OVER,10.5,,,,False,0.0,0,,0.0
Pascal Siakam,RA,DEMON,OVER,11.5,,,,False,0.0,0,,0.0
Pascal Siakam,RA,GOBLIN,OVER,7.5,,,,False,0.0,0,,0.0
Pascal Siakam,RA,STANDARD,OVER,8.5,,,,False,0.0,0,,0.0
Pascal Siakam,RA,DEMON,OVER,9.5,,,,False,0.0,0,,0.0
Pascal Siakam,RA,STANDARD,UNDER,8.5,,,,False,0.0,0,,0.0
Pascal Siakam,REB,GOBLIN,OVER,3.5,,,,False,0.0,0,,0.0
Pascal Siakam,REB,GOBLIN,OVER,4.5,,,,False,0.0,0,,0.0
Pascal Siakam,REB,DEMON,OVER,6.5,,,,False,0.0,0,,0.0
Pascal Siakam,REB,DEMON,OVER,7.5,,,,False,0.0,0,,0.0
Pascal Siakam,REB,DEMON,OVER,8.5,,,,False,0.0,0,,0.0
T.J. McConnell,AST,GOBLIN,OVER,2.5,,,,False,0.0,0,,0.0
T.J. McConnell,AST,STANDARD,OVER,4.0,,,,False,0.0,0,,0.0
T.J. McConnell,AST,DEMON,OVER,5.5,,,,False,0.0,0,,0.0
T.J. McConnell,AST,DEMON,OVER,6.5,,,,False,0.0,0,,0.0
T.J. McConnell,AST,STANDARD,UNDER,4.0,,,,False,0.0,0,,0.0
T.J. McConnell,FG3M,DEMON,OVER,0.5,,,,False,0.0,0,,0.0
T.J. McConnell,PA,GOBLIN,OVER,10.5,,,,False,0.0,0,,0.0
T.J. McConnell,PA,DEMON,OVER,14.5,,,,False,0.0,0,,0.0
T.J. McConnell,PA,DEMON,OVER,19.5,,,,False,0.0,0,,0.0
T.J. McConnell,PA,GOBLIN,OVER,9.5,,,,False,0.0,0,,0.0
T.J. McConnell,PRA,GOBLIN,OVER,10.5,,,,False,0.0,0,,0.0
T.J. McConnell,PRA,GOBLIN,OVER,11.5,,,,False,0.0,0,,0.0
T.J. McConnell,PRA,STANDARD,OVER,13.5,,,,False,0.0,0,,0.0
T.J. McConnell,PRA,DEMON,OVER,16.5,,,,False,0.0,0,,0.0
T.J. McConnell,PRA,DEMON,OVER,18.5,,,,False,0.0,0,,0.0
T.J. McConnell,PRA,STANDARD,UNDER,13.5,,,,False,0.0,0,,0.0
T.J. McConnell,PR,DEMON,OVER,10.5,,,,False,0.0,0,,0.0
T.J. McConnell,PR,DEMON,OVER,11.5,,,,False,0.0,0,,0.0
T.J. McConnell,PR,DEMON,OVER,14.5,,,,False,0.0,0,,0.0
T.J. McConnell,PR,GOBLIN,OVER,7.5,,,,False,0.0,0,,0.0
T.J. McConnell,PR,GOBLIN,OVER,8.5,,,,False,0.0,0,,0.0
T.J. McConnell,PTS,DEMON,OVER,10.5,,,,False,0.0,0,,0.0
T.J. McConnell,PTS,GOBLIN,OVER,4.5,,,,False,0.0,0,,0.0
T.J. McConnell,PTS,GOBLIN,OVER,5.5,,,,False,0.0,0,,0.0
T.J. McConnell,PTS,STANDARD,OVER,7.5,,,,False,0.0,0,,0.0
T.J. McConnell,PTS,DEMON,OVER,9.5,,,,False,0.0,0,,0.0
T.J. McConnell,PTS,STANDARD,UNDER,7.5,,,,False,0.0,0,,0.0
T.J. McConnell,RA,GOBLIN,OVER,4.5,,,,False,0.0,0,,0.0
T.J. McConnell,RA,DEMON,OVER,6.5,,,,False,0.0,0,,0.0
T.J. McConnell,RA,DEMON,OVER,7.5,,,,False,0.0,0,,0.0
T.J. McConnell,RA,DEMON,OVER,8.5,,,,False,0.0,0,,0.0
T.J. McConnell,REB,DEMON,OVER,2.5,,,,False,0.0,0,,0.0
T.J. McConnell,REB,DEMON,OVER,3.5,,,,False,0.0,0,,0.0
T.J. McConnell,REB,DEMON,OVER,4.5,,,,False,0.0,0,,0.0
Yanic Niederhäuser,PR,GOBLIN,OVER,10.5,,,,False,0.0,0,,0.0
Yanic Niederhäuser,PR,GOBLIN,OVER,11.5,,,,False,0.0,0,,0.0
Yanic Niederhäuser,PR,STANDARD,OVER,14.5,,,,False,0.0,0,,0.0
Yanic Niederhäuser,PR,DEMON,OVER,18.5,,,,False,0.0,0,,0.0
Yanic Niederhäuser,PR,DEMON,OVER,19.5,,,,False,0.0,0,,0.0
Yanic Niederhäuser,PR,GOBLIN,OVER,9.5,,,,False,0.0,0,,0.0
Yanic Niederhäuser,PR,STANDARD,UNDER,14.5,,,,False,0.0,0,,0.0
Yanic Niederhäuser,PTS,DEMON,OVER,11.5,,,,False,0.0,0,,0.0
Yanic Niederhäuser,PTS,DEMON,OVER,14.5,,,,False,0.0,0,,0.0
Yanic Niederhäuser,PTS,GOBLIN,OVER,4.5,,,,False,0.0,0,,0.0
Yanic Niederhäuser,PTS,GOBLIN,OVER,5.5,,,,False,0.0,0,,0.0
Yanic Niederhäuser,PTS,STANDARD,OVER,8.5,,,,False,0.0,0,,0.0
Yanic Niederhäuser,PTS,DEMON,OVER,9.5,,,,False,0.0,0,,0.0
Yanic Niederhäuser,PTS,STANDARD,UNDER,8.5,,,,False,0.0,0,,0.0
Yanic Niederhäuser,REB,GOBLIN,OVER,3.5,,,,False,0.0,0,,0.0
Yanic Niederhäuser,REB,GOBLIN,OVER,4.5,,,,False,0.0,0,,0.0
Yanic Niederhäuser,REB,STANDARD,OVER,5.5,,,,False,0.0,0,,0.0
Yanic Niederhäuser,REB,DEMON,OVER,6.5,,,,False,0.0,0,,0.0
Yanic Niederhäuser,REB,DEMON,OVER,7.5,,,,False,0.0,0,,0.0
Yanic Niederhäuser,REB,DEMON,OVER,9.5,,,,False,0.0,0,,0.0
Yanic Niederhäuser,REB,STANDARD,UNDER,5.5,,,,False,0.0,0,,0.0
